PROD-00101,VOL-HEA-8218-GRA,Voltix Beat Plus 300,Headphones,On-ear Wireless,Voltix,"Voltix Beat Plus 300 is a on-ear wireless from Voltix featuring driver: 40 mm, battery: 8 hours, noise cancellation: None. Popular with students and professionals alike.",3299,5099,35.3,40,12,true,true,4.1,21,0.25,Graphite,active
PROD-00102,VOL-HEA-5633-GRA,Voltix Beat Neo X1,Headphones,Neckband,Voltix,"Voltix Beat Neo X1 is a neckband from Voltix featuring driver: 13 mm, battery: 8 hours, noise cancellation: None. Built for everyday reliability.",1499,2499,40.0,111,6,true,true,3.7,14,0.3,Graphite,active
PROD-00103,AUR-HEA-3970-WHI,Auralix Edge 100,Headphones,Over-ear Wired,Auralix,"Auralix Edge 100 is a over-ear wired from Auralix featuring driver: 13 mm, battery: 30 hours, noise cancellation: Hybrid ANC. Popular with students and professionals alike.",14499,15999,9.4,17,6,true,true,4.0,5,0.24,White,active
PROD-00104,SOU-HEA-5668-GRA,SoundNest Ultra X1,Headphones,Over-ear ANC,SoundNest,"SoundNest Ultra X1 is a over-ear anc from SoundNest featuring driver: 13 mm, battery: 20 hours, noise cancellation: Hybrid ANC. Popular with students and professionals alike.",12499,14999,16.7,370,6,false,true,4.0,20,0.25,Graphite,active
PROD-00105,VOL-HEA-5208-ROS,Voltix Beat Prime 100,Headphones,Over-ear ANC,Voltix,"Voltix Beat Prime 100 is a over-ear anc from Voltix featuring driver: 13 mm, battery: 60 hours, noise cancellation: Adaptive ANC. Built for everyday reliability.",34999,42499,17.6,127,12,false,true,3.5,2,0.42,Rose Gold,active
PROD-00106,SOU-HEA-1528-SPA,SoundNest Air 300,Headphones,Over-ear Wired,SoundNest,"SoundNest Air 300 is a over-ear wired from SoundNest featuring driver: 40 mm, battery: 60 hours, noise cancellation: Adaptive ANC. A balanced pick for its class.",29499,30999,4.8,23,6,true,true,3.0,2,0.26,Space Grey,active
PROD-00107,AUR-HEA-4685-BLA,Auralix Spark 500,Headphones,Neckband,Auralix,"Auralix Spark 500 is a neckband from Auralix featuring driver: 10 mm, battery: 8 hours, noise cancellation: None. Includes all in-box accessories listed on the spec sheet.",1699,2099,19.1,125,12,false,true,4.0,2,0.44,Black,active
PROD-00108,VOL-HEA-7131-FOR,Voltix Beat Ultra 500,Headphones,Over-ear Wired,Voltix,"Voltix Beat Ultra 500 is a over-ear wired from Voltix featuring driver: 50 mm, battery: 12 hours, noise cancellation: Passive. Popular with students and professionals alike.",7999,8699,8.0,9,12,true,true,3.5,8,0.33,Forest Green,active
PROD-00109,VOL-HEA-6288-SIL,Voltix Beat Plus 100,Headphones,Gaming Headset,Voltix,"Voltix Beat Plus 100 is a gaming headset from Voltix featuring driver: 11 mm, battery: 8 hours, noise cancellation: None. A balanced pick for its class.",3299,3899,15.4,14,12,true,true,4.0,5,0.15,Silver,active
PROD-00110,AUR-HEA-7611-MID,Auralix Ultra X1,Headphones,Neckband,Auralix,"Auralix Ultra X1 is a neckband from Auralix featuring driver: 11 mm, battery: 60 hours, noise cancellation: Adaptive ANC. A balanced pick for its class.",31499,33999,7.4,43,12,true,true,3.7,7,0.33,Midnight Blue,active
PROD-00111,SKY-HEA-4864-SPA,Skylark Audio Air 500,Headphones,Over-ear Wired,Skylark,"Skylark Audio Air 500 is a over-ear wired from Skylark featuring driver: 11 mm, battery: 8 hours, noise cancellation: None. Designed with Indian conditions in mind.",999,1099,9.1,24,12,false,true,3.3,38,0.39,Space Grey,active
PROD-00112,AUR-HEA-1112-CHA,Auralix Max 700,Headphones,On-ear Wireless,Auralix,"Auralix Max 700 is a on-ear wireless from Auralix featuring driver: 40 mm, battery: 12 hours, noise cancellation: Passive. Designed with Indian conditions in mind.",5299,6599,19.7,86,12,true,true,3.5,6,0.32,Charcoal,active
PROD-00113,AUR-HEA-9403-SAN,Auralix Neo 700,Headphones,Over-ear Wired,Auralix,"Auralix Neo 700 is a over-ear wired from Auralix featuring driver: 11 mm, battery: 8 hours, noise cancellation: None. Built for everyday reliability.",3499,3999,12.5,19,12,true,true,3.5,2,0.28,Sand Beige,active
PROD-00114,SOU-HEA-9503-WHI,SoundNest Ultra 100,Headphones,Gaming Headset,SoundNest,"SoundNest Ultra 100 is a gaming headset from SoundNest featuring driver: 11 mm, battery: 8 hours, noise cancellation: None. Designed with Indian conditions in mind.",999,1099,9.1,128,12,true,true,4.6,29,0.44,White,active
PROD-00115,AUR-HEA-1435-TIT,Auralix Prime X1,Headphones,Over-ear Wired,Auralix,"Auralix Prime X1 is a over-ear wired from Auralix featuring driver: 11 mm, battery: 8 hours, noise cancellation: None. A balanced pick for its class.",1999,2199,9.1,12,6,true,true,4.4,11,0.32,Titanium,active
PROD-00116,VOL-HEA-7678-FOR,Voltix Beat One 700,Headphones,Over-ear Wired,Voltix,"Voltix Beat One 700 is a over-ear wired from Voltix featuring driver: 11 mm, battery: 60 hours, noise cancellation: Adaptive ANC. Popular with students and professionals alike.",30499,37999,19.7,115,12,true,true,4.3,13,0.28,Forest Green,active
PROD-00117,KIT-KEY-7608-TIT,KiteWorks Board One 60,Keyboards,Gaming Keyboard,KiteWorks,"KiteWorks Board One 60 is a gaming keyboard from KiteWorks featuring layout: 75%, switch: Tactile, connectivity: USB wired. Engineered for long-term use.",1899,2499,24.0,83,12,false,true,4.4,7,0.64,Titanium,active
PROD-00118,BYT-KEY-7625-MID,ByteCore Key Go K1,Keyboards,Compact 60%,ByteCore,"ByteCore Key Go K1 is a compact 60% from ByteCore featuring layout: 60%, switch: Membrane, connectivity: Bluetooth 5.1. Popular with students and professionals alike.",579,639,9.4,328,12,true,true,3.8,12,1.19,Midnight Blue,active
PROD-00119,BYT-KEY-3353-OCE,ByteCore Key Plus K1,Keyboards,Gaming Keyboard,ByteCore,"ByteCore Key Plus K1 is a gaming keyboard from ByteCore featuring layout: 75%, switch: Clicky, connectivity: 2.4 GHz + Bluetooth. Popular with students and professionals alike.",9899,10999,10.0,53,12,false,true,3.0,2,1.3,Ocean Blue,active
PROD-00120,BYT-KEY-6255-TIT,ByteCore Key Max K2,Keyboards,Wireless,ByteCore,"ByteCore Key Max K2 is a wireless from ByteCore featuring layout: Full-size, switch: Linear, connectivity: 2.4 GHz + Bluetooth. Built for everyday reliability.",6499,7599,14.5,54,24,false,false,4.0,27,0.93,Titanium,active
PROD-00121,BYT-KEY-4517-GRA,ByteCore Key Air K2,Keyboards,Mechanical,ByteCore,"ByteCore Key Air K2 is a mechanical from ByteCore featuring layout: Full-size, switch: Membrane, connectivity: USB wired. Popular with students and professionals alike.",4999,5599,10.7,74,24,true,true,2.9,12,0.6,Graphite,active
PROD-00122,KIT-KEY-8714-FOR,KiteWorks Board Go 75,Keyboards,Wireless,KiteWorks,"KiteWorks Board Go 75 is a wireless from KiteWorks featuring layout: Full-size, switch: Clicky, connectivity: 2.4 GHz + Bluetooth. Backed by NovaMart-certified service.",2499,2599,3.8,270,24,true,true,4.0,3,1.18,Forest Green,active
PROD-00123,VOL-KEY-3516-CHA,Voltix Type Prime 60,Keyboards,Gaming Keyboard,Voltix,"Voltix Type Prime 60 is a gaming keyboard from Voltix featuring layout: 75%, switch: Linear, connectivity: Bluetooth 5.1. Includes all in-box accessories listed on the spec sheet.",15999,17999,11.1,41,12,true,true,2.6,8,1.28,Charcoal,active
PROD-00124,KIT-KEY-9616-OCE,KiteWorks Board Edge K1,Keyboards,Compact 60%,KiteWorks,"KiteWorks Board Edge K1 is a compact 60% from KiteWorks featuring layout: 75%, switch: Tactile, connectivity: 2.4 GHz + Bluetooth. Popular with students and professionals alike.",1499,1599,6.3,36,12,true,false,4.2,9,1.19,Ocean Blue,active
PROD-00125,ARC-KEY-2001-WHI,Arcadia Keys Air 60,Keyboards,Compact 60%,Arcadia,"Arcadia Keys Air 60 is a compact 60% from Arcadia featuring layout: 75%, switch: Clicky, connectivity: USB wired. Engineered for long-term use.",499,619,19.4,9,24,true,true,3.1,8,1.03,White,active
PROD-00126,ARC-KEY-1881-WHI,Arcadia Keys Edge 87,Keyboards,Mechanical,Arcadia,"Arcadia Keys Edge 87 is a mechanical from Arcadia featuring layout: Full-size, switch: Membrane, connectivity: Bluetooth 5.1. Designed with Indian conditions in mind.",13999,17499,20.0,29,24,true,true,3.1,7,0.62,White,active
PROD-00127,VOL-KEY-2736-TIT,Voltix Type Spark K2,Keyboards,Mechanical,Voltix,"Voltix Type Spark K2 is a mechanical from Voltix featuring layout: Full-size, switch: Linear, connectivity: 2.4 GHz + Bluetooth. Backed by NovaMart-certified service.",3199,3599,11.1,33,12,true,true,3.0,117,1.25,Titanium,active
PROD-00128,ARC-KEY-6167-TIT,Arcadia Keys Neo K2,Keyboards,Compact 60%,Arcadia,"Arcadia Keys Neo K2 is a compact 60% from Arcadia featuring layout: 60%, switch: Clicky, connectivity: Bluetooth 5.1. Designed with Indian conditions in mind.",949,1399,32.2,241,24,true,true,4.0,6,0.62,Titanium,active
PROD-00129,KIT-KEY-1839-WHI,KiteWorks Board Edge 60,Keyboards,Compact 60%,KiteWorks,"KiteWorks Board Edge 60 is a compact 60% from KiteWorks featuring layout: 60%, switch: Linear, connectivity: Bluetooth 5.1. Popular with students and professionals alike.",15999,24499,34.7,0,24,true,true,,0,0.85,White,discontinued
PROD-00130,VOL-KEY-8002-OCE,Voltix Type Lite 87,Keyboards,Gaming Keyboard,Voltix,"Voltix Type Lite 87 is a gaming keyboard from Voltix featuring layout: 60%, switch: Membrane, connectivity: Bluetooth 5.1. Popular with students and professionals alike.",12499,20999,40.5,44,12,true,true,4.2,8,1.25,Ocean Blue,active
PROD-00131,VOL-KEY-7717-TIT,Voltix Type Core 87,Keyboards,Compact 60%,Voltix,"Voltix Type Core 87 is a compact 60% from Voltix featuring layout: 75%, switch: Tactile, connectivity: 2.4 GHz + Bluetooth. Engineered for long-term use.",5899,6199,4.8,28,12,true,true,4.7,11,0.97,Titanium,active
PROD-00132,VOL-KEY-4932-OCE,Voltix Type Plus 87,Keyboards,Office Membrane,Voltix,"Voltix Type Plus 87 is a office membrane from Voltix featuring layout: 60%, switch: Clicky, connectivity: Bluetooth 5.1. A balanced pick for its class.",649,929,30.1,55,12,true,true,3.7,46,1.19,Ocean Blue,active
PROD-00133,KIT-KEY-2599-WHI,KiteWorks Board Flex 104,Keyboards,Wireless,KiteWorks,"KiteWorks Board Flex 104 is a wireless from KiteWorks featuring layout: 75%, switch: Clicky, connectivity: 2.4 GHz + Bluetooth. Popular with students and professionals alike.",499,569,12.3,10,12,true,true,4.5,4,0.88,White,active
PROD-00134,VOL-KEY-1653-GRA,Voltix Type Max 104,Keyboards,Compact 60%,Voltix,"Voltix Type Max 104 is a compact 60% from Voltix featuring layout: 75%, switch: Linear, connectivity: USB wired. Includes all in-box accessories listed on the spec sheet.",15499,25999,40.4,56,24,true,true,2.7,3,0.55,Graphite,active
PROD-00135,ORB-LAP-7780-SAN,Orbitron Slate Air 16,Laptops,Creator Laptop,Orbitron,"Orbitron Slate Air 16 is a creator laptop from Orbitron featuring 32 GB ram, 1 TB SSD storage, processor: 14-core 4.5 GHz. Designed with Indian conditions in mind.",170499,212999,20.0,68,12,true,true,5.0,1,2.41,Sand Beige,active
PROD-00136,NOV-LAP-7279-OCE,NovaBook Prime 17,Laptops,Ultrabook,NovaTech,"NovaBook Prime 17 is a ultrabook from NovaTech featuring 16 GB ram, 512 GB SSD storage, processor: 6-core 3.0 GHz. Includes all in-box accessories listed on the spec sheet.",68499,91499,25.1,0,24,true,true,5.0,2,2.39,Ocean Blue,out_of_stock
PROD-00137,BYT-LAP-9166-SIL,ByteCore Forge Spark 17,Laptops,Gaming Laptop,ByteCore,"ByteCore Forge Spark 17 is a gaming laptop from ByteCore featuring 16 GB ram, 512 GB SSD storage, processor: 8-core 3.4 GHz. Engineered for long-term use.",93999,114499,17.9,38,24,true,true,4.0,1,1.88,Silver,active
PROD-00138,PIX-LAP-1460-MID,PixelForge Studio One 15,Laptops,Gaming Laptop,PixelForge,"PixelForge Studio One 15 is a gaming laptop from PixelForge featuring 32 GB ram, 1 TB SSD storage, processor: 10-core 3.8 GHz. Engineered for long-term use.",143999,156499,8.0,19,12,true,true,3.7,3,1.74,Midnight Blue,active
PROD-00139,VOL-LAP-2233-GRA,Voltix Strike Pro 14,Laptops,Ultrabook,Voltix,"Voltix Strike Pro 14 is a ultrabook from Voltix featuring 16 GB ram, 1 TB SSD storage, processor: 8-core 3.4 GHz. Backed by NovaMart-certified service.",101999,113499,10.1,0,24,true,true,,0,1.99,Graphite,discontinued
PROD-00140,BYT-LAP-4197-CHA,ByteCore Forge Spark 16,Laptops,Student Laptop,ByteCore,"ByteCore Forge Spark 16 is a student laptop from ByteCore featuring 8 GB ram, 256 GB SSD storage, processor: Quad-core 2.4 GHz. Engineered for long-term use.",35499,44499,20.2,97,12,true,true,,0,1.7,Charcoal,active
PROD-00141,ORB-LAP-4148-CHA,Orbitron Slate Air 14,Laptops,Creator Laptop,Orbitron,"Orbitron Slate Air 14 is a creator laptop from Orbitron featuring 32 GB ram, 1 TB SSD storage, processor: 10-core 3.8 GHz. A balanced pick for its class.",162499,202999,20.0,0,12,true,true,,0,1.16,Charcoal,discontinued
PROD-00142,BYT-LAP-3580-GRA,ByteCore Forge One 14,Laptops,Ultrabook,ByteCore,"ByteCore Forge One 14 is a ultrabook from ByteCore featuring 64 GB ram, 2 TB SSD storage, processor: 14-core 4.5 GHz. A balanced pick for its class.",174999,268999,34.9,8,12,true,true,3.9,7,2.1,Graphite,active
PROD-00143,NOV-LAP-6169-SPA,NovaBook Core 15,Laptops,Gaming Laptop,NovaTech,"NovaBook Core 15 is a gaming laptop from NovaTech featuring 16 GB ram, 512 GB SSD storage, processor: 8-core 3.4 GHz. Backed by NovaMart-certified service.",87499,145999,40.1,20,12,true,true,,0,1.55,Space Grey,active
PROD-00144,BYT-LAP-8911-SAN,ByteCore Forge Plus 15,Laptops,Student Laptop,ByteCore,"ByteCore Forge Plus 15 is a student laptop from ByteCore featuring 8 GB ram, 256 GB SSD storage, processor: Quad-core 2.4 GHz. Designed with Indian conditions in mind.",33999,42499,20.0,7,24,true,true,4.7,3,2.47,Sand Beige,active
PROD-00145,BYT-LAP-1953-WHI,ByteCore Forge Flex 17,Laptops,Ultrabook,ByteCore,"ByteCore Forge Flex 17 is a ultrabook from ByteCore featuring 16 GB ram, 1 TB SSD storage, processor: 10-core 3.8 GHz. A balanced pick for its class.",120499,133999,10.1,44,12,true,true,,0,2.03,White,active
PROD-00146,PIX-LAP-3815-GRA,PixelForge Studio Flex 16,Laptops,Student Laptop,PixelForge,"PixelForge Studio Flex 16 is a student laptop from PixelForge featuring 8 GB ram, 512 GB SSD storage, processor: Quad-core 2.4 GHz. Popular with students and professionals alike.",46499,56499,17.7,52,12,true,true,,0,1.11,Graphite,active
PROD-00147,VOL-LAP-8855-SAN,Voltix Strike Go 15,Laptops,Student Laptop,Voltix,"Voltix Strike Go 15 is a student laptop from Voltix featuring 8 GB ram, 256 GB SSD storage, processor: Quad-core 2.4 GHz. A balanced pick for its class.",27999,37499,25.3,117,12,true,true,3.7,3,2.5,Sand Beige,active
PROD-00148,BYT-LAP-3307-SAN,ByteCore Forge Prime 14,Laptops,Student Laptop,ByteCore,"ByteCore Forge Prime 14 is a student laptop from ByteCore featuring 16 GB ram, 512 GB SSD storage, processor: 6-core 3.0 GHz. Backed by NovaMart-certified service.",75999,82499,7.9,81,12,true,true,4.0,2,2.15,Sand Beige,active
PROD-00149,VOL-LAP-9821-SIL,Voltix Strike Edge 13,Laptops,Business Laptop,Voltix,"Voltix Strike Edge 13 is a business laptop from Voltix featuring 8 GB ram, 256 GB SSD storage, processor: Quad-core 2.4 GHz. Includes all in-box accessories listed on the spec sheet.",27999,39999,30.0,6,12,true,true,4.0,2,1.82,Silver,active
PROD-00150,PIX-LAP-3533-MID,PixelForge Studio Air 15,Laptops,Student Laptop,PixelForge,"PixelForge Studio Air 15 is a student laptop from PixelForge featuring 16 GB ram, 1 TB SSD storage, processor: 8-core 3.4 GHz. A balanced pick for its class.",100499,125499,19.9,14,24,true,true,,0,2.48,Midnight Blue,active
PROD-00151,PIX-LAP-8853-TIT,PixelForge Studio Plus 14,Laptops,Ultrabook,PixelForge,"PixelForge Studio Plus 14 is a ultrabook from PixelForge featuring 8 GB ram, 256 GB SSD storage, processor: Quad-core 2.4 GHz. Built for everyday reliability.",27999,31999,12.5,20,24,true,true,2.5,6,2.36,Titanium,active
PROD-00152,ZEN-LAP-2857-SIL,Zenova Aero Max 13,Laptops,Creator Laptop,Zenova,"Zenova Aero Max 13 is a creator laptop from Zenova featuring 64 GB ram, 2 TB SSD storage, processor: 14-core 4.5 GHz. A balanced pick for its class.",214999,330999,35.0,6,24,true,true,3.8,5,2.46,Silver,active
PROD-00153,NOV-LAP-2400-WHI,NovaBook Neo 14,Laptops,Student Laptop,NovaTech,"NovaBook Neo 14 is a student laptop from NovaTech featuring 8 GB ram, 256 GB SSD storage, processor: Quad-core 2.4 GHz. Engineered for long-term use.",28499,34999,18.6,169,24,true,true,,0,1.92,White,active
PROD-00154,ZEN-LAP-9116-BLA,Zenova Aero Ultra 16,Laptops,Business Laptop,Zenova,"Zenova Aero Ultra 16 is a business laptop from Zenova featuring 8 GB ram, 256 GB SSD storage, processor: Quad-core 2.4 GHz. A balanced pick for its class.",39999,56999,29.8,24,12,true,true,3.5,4,2.29,Black,active
PROD-00155,PIX-LAP-7019-ROS,PixelForge Studio Prime 17,Laptops,Business Laptop,PixelForge,"PixelForge Studio Prime 17 is a business laptop from PixelForge featuring 32 GB ram, 1 TB SSD storage, processor: 10-core 3.8 GHz. Built for everyday reliability.",156499,183999,14.9,38,12,true,true,4.7,3,1.4,Rose Gold,active
PROD-00156,ZEN-LAP-5373-WHI,Zenova Aero Spark 17,Laptops,Creator Laptop,Zenova,"Zenova Aero Spark 17 is a creator laptop from Zenova featuring 16 GB ram, 512 GB SSD storage, processor: 6-core 3.0 GHz. Designed with Indian conditions in mind.",77499,81499,4.9,62,24,true,true,3.0,2,1.21,White,active
PROD-00157,VOL-LAP-5775-TIT,Voltix Strike Air 16,Laptops,Creator Laptop,Voltix,"Voltix Strike Air 16 is a creator laptop from Voltix featuring 64 GB ram, 2 TB SSD storage, processor: 14-core 4.5 GHz. Popular with students and professionals alike.",174499,232499,24.9,65,24,true,true,,0,2.19,Titanium,active
PROD-00158,ORB-LAP-3433-SPA,Orbitron Slate Pro 15,Laptops,Creator Laptop,Orbitron,"Orbitron Slate Pro 15 is a creator laptop from Orbitron featuring 16 GB ram, 1 TB SSD storage, processor: 8-core 3.4 GHz. Includes all in-box accessories listed on the spec sheet.",101999,135999,25.0,8,24,true,true,3.6,7,1.13,Space Grey,active
PROD-00159,ARC-MIC-6736-CHA,Arcadia Strike Max Z,Mice,Gaming Mouse,Arcadia,"Arcadia Strike Max Z is a gaming mouse from Arcadia featuring sensor: 3200 DPI optical, connectivity: USB wired, buttons: 3. Backed by NovaMart-certified service.",1999,2399,16.7,42,24,true,true,4.7,21,0.17,Charcoal,active
PROD-00160,BYT-MIC-4189-BLA,ByteCore Glide Core M5,Mice,Travel Mouse,ByteCore,"ByteCore Glide Core M5 is a travel mouse from ByteCore featuring sensor: 8000 DPI optical, connectivity: 2.4 GHz wireless, buttons: 3. Engineered for long-term use.",3199,3499,8.6,0,12,true,true,,0,0.16,Black,discontinued
PROD-00161,VOL-MIC-4358-WHI,Voltix Click Edge X,Mice,Ergonomic Mouse,Voltix,"Voltix Click Edge X is a ergonomic mouse from Voltix featuring sensor: 26000 DPI optical, connectivity: 2.4 GHz wireless, buttons: 5. Backed by NovaMart-certified service.",6899,11499,40.0,3,12,true,true,4.5,107,0.07,White,active
PROD-00162,VOL-MIC-2899-WHI,Voltix Click Pro X,Mice,Gaming Mouse,Voltix,"Voltix Click Pro X is a gaming mouse from Voltix featuring sensor: 26000 DPI optical, connectivity: USB wired, buttons: 6. Backed by NovaMart-certified service.",7499,9399,20.2,0,12,true,true,,0,0.14,White,discontinued
PROD-00163,VOL-MIC-3764-BLA,Voltix Click Lite G3,Mice,Gaming Mouse,Voltix,"Voltix Click Lite G3 is a gaming mouse from Voltix featuring sensor: 1000 DPI optical, connectivity: USB wired, buttons: 5. Built for everyday reliability.",469,529,11.3,65,24,true,true,3.6,9,0.07,Black,active
PROD-00164,VOL-MIC-6104-OCE,Voltix Click Lite X,Mice,Ergonomic Mouse,Voltix,"Voltix Click Lite X is a ergonomic mouse from Voltix featuring sensor: 12000 DPI optical, connectivity: USB wired, buttons: 6. Popular with students and professionals alike.",5599,7499,25.3,105,24,true,true,4.6,7,0.05,Ocean Blue,active
PROD-00165,VOL-MIC-6570-CHA,Voltix Click Spark X,Mice,Travel Mouse,Voltix,"Voltix Click Spark X is a travel mouse from Voltix featuring sensor: 8000 DPI optical, connectivity: 2.4 GHz wireless, buttons: 6. A balanced pick for its class.",3899,4799,18.8,62,24,true,true,4.2,9,0.07,Charcoal,active
PROD-00166,VOL-MIC-7210-FOR,Voltix Click Neo X,Mice,Travel Mouse,Voltix,"Voltix Click Neo X is a travel mouse from Voltix featuring sensor: 12000 DPI optical, connectivity: Bluetooth 5.0, buttons: 7. Built for everyday reliability.",6199,9499,34.7,8,12,true,true,4.3,7,0.14,Forest Green,active
PROD-00167,ARC-MIC-1858-SAN,Arcadia Strike Flex Z,Mice,Wireless Mouse,Arcadia,"Arcadia Strike Flex Z is a wireless mouse from Arcadia featuring sensor: 8000 DPI optical, connectivity: Bluetooth 5.0, buttons: 3. Popular with students and professionals alike.",2699,2799,3.6,17,24,true,true,4.5,4,0.13,Sand Beige,active
PROD-00168,ARC-MIC-6196-SPA,Arcadia Strike Spark G3,Mice,Travel Mouse,Arcadia,"Arcadia Strike Spark G3 is a travel mouse from Arcadia featuring sensor: 1000 DPI optical, connectivity: Bluetooth 5.0, buttons: 5. Engineered for long-term use.",709,799,11.3,36,12,true,true,3.7,55,0.16,Space Grey,active
PROD-00169,VOL-MIC-7501-TIT,Voltix Click Prime G3,Mice,Gaming Mouse,Voltix,"Voltix Click Prime G3 is a gaming mouse from Voltix featuring sensor: 8000 DPI optical, connectivity: Bluetooth 5.0, buttons: 5. Backed by NovaMart-certified service.",2799,3399,17.7,42,12,true,true,4.1,18,0.16,Titanium,active
PROD-00170,ARC-MIC-7443-OCE,Arcadia Strike Pro X,Mice,Gaming Mouse,Arcadia,"Arcadia Strike Pro X is a gaming mouse from Arcadia featuring sensor: 8000 DPI optical, connectivity: 2.4 GHz wireless, buttons: 7. Built for everyday reliability.",3199,4599,30.4,52,12,false,true,3.4,7,0.16,Ocean Blue,active
PROD-00171,VOL-MIC-4400-SPA,Voltix Click Air Z,Mice,Wireless Mouse,Voltix,"Voltix Click Air Z is a wireless mouse from Voltix featuring sensor: 12000 DPI optical, connectivity: 2.4 GHz wireless, buttons: 3. Engineered for long-term use.",6699,7599,11.8,6,12,false,true,2.6,14,0.07,Space Grey,active
PROD-00172,BYT-MIC-7379-GRA,ByteCore Glide Spark Z,Mice,Travel Mouse,ByteCore,"ByteCore Glide Spark Z is a travel mouse from ByteCore featuring sensor: 1000 DPI optical, connectivity: Bluetooth 5.0, buttons: 3. A balanced pick for its class.",1099,1299,15.4,62,24,true,true,4.0,3,0.14,Graphite,active
PROD-00173,BYT-MIC-5305-ROS,ByteCore Glide Ultra X,Mice,Travel Mouse,ByteCore,"ByteCore Glide Ultra X is a travel mouse from ByteCore featuring sensor: 8000 DPI optical, connectivity: Bluetooth 5.0, buttons: 5. Engineered for long-term use.",4199,4699,10.6,0,12,true,false,,0,0.07,Rose Gold,discontinued
PROD-00174,BYT-MIC-6187-OCE,ByteCore Glide Spark M5,Mice,Gaming Mouse,ByteCore,"ByteCore Glide Spark M5 is a gaming mouse from ByteCore featuring sensor: 26000 DPI optical, connectivity: USB wired, buttons: 3. Engineered for long-term use.",7699,9599,19.8,35,12,true,true,4.5,179,0.09,Ocean Blue,active
PROD-00175,ARC-MIC-1742-CHA,Arcadia Strike Go M5,Mice,Travel Mouse,Arcadia,"Arcadia Strike Go M5 is a travel mouse from Arcadia featuring sensor: 1000 DPI optical, connectivity: USB wired, buttons: 5. Includes all in-box accessories listed on the spec sheet.",759,1199,36.7,20,24,true,true,2.8,5,0.05,Charcoal,active
PROD-00176,BYT-MIC-8292-TIT,ByteCore Glide Edge M2,Mice,Gaming Mouse,ByteCore,"ByteCore Glide Edge M2 is a gaming mouse from ByteCore featuring sensor: 26000 DPI optical, connectivity: USB wired, buttons: 5. Engineered for long-term use.",7099,8099,12.3,30,24,true,true,4.3,23,0.11,Titanium,active
PROD-00177,ORB-MON-6390-FOR,Orbitron Display Pro 22,Monitors,4K Monitor,Orbitron,"Orbitron Display Pro 22 is a 4k monitor from Orbitron featuring size: 24-inch, resolution: FHD, refresh rate: 100 Hz. Backed by NovaMart-certified service.",26999,32999,18.2,34,36,true,true,4.0,1,4.17,Forest Green,active
PROD-00178,ZEN-MON-7611-SAN,Zenova Frame Core 22,Monitors,Office Monitor,Zenova,"Zenova Frame Core 22 is a office monitor from Zenova featuring size: 24-inch, resolution: QHD, refresh rate: 144 Hz. Includes all in-box accessories listed on the spec sheet.",50999,63499,19.7,147,36,true,true,2.5,2,3.82,Sand Beige,active
PROD-00179,ZEN-MON-3936-SIL,Zenova Frame Spark 22,Monitors,Ultrawide,Zenova,"Zenova Frame Spark 22 is a ultrawide from Zenova featuring size: 24-inch, resolution: FHD, refresh rate: 75 Hz. Built for everyday reliability.",24499,40999,40.2,18,24,true,false,4.0,1,7.27,Silver,active
PROD-00180,BYT-MON-3441-BLA,ByteCore Vision Spark 24,Monitors,Gaming Monitor,ByteCore,"ByteCore Vision Spark 24 is a gaming monitor from ByteCore featuring size: 24-inch, resolution: FHD, refresh rate: 60 Hz. A balanced pick for its class.",6499,7899,17.7,59,24,true,true,5.0,3,7.36,Black,active
PROD-00181,BYT-MON-4694-SIL,ByteCore Vision Air 22,Monitors,Ultrawide,ByteCore,"ByteCore Vision Air 22 is a ultrawide from ByteCore featuring size: 34-inch, resolution: 4K UHD, refresh rate: 240 Hz. Designed with Indian conditions in mind.",92999,113499,18.1,32,36,true,false,,0,9.03,Silver,active
PROD-00182,ORB-MON-5640-BLA,Orbitron Display Edge 27,Monitors,Gaming Monitor,Orbitron,"Orbitron Display Edge 27 is a gaming monitor from Orbitron featuring size: 27-inch, resolution: QHD, refresh rate: 165 Hz. Designed with Indian conditions in mind.",56999,81499,30.1,0,36,true,true,3.7,3,5.61,Black,out_of_stock
PROD-00183,ZEN-MON-1664-FOR,Zenova Frame Ultra 22,Monitors,4K Monitor,Zenova,"Zenova Frame Ultra 22 is a 4k monitor from Zenova featuring size: 27-inch, resolution: QHD, refresh rate: 100 Hz. Engineered for long-term use.",30499,33999,10.3,42,36,true,true,4.2,4,7.58,Forest Green,active
PROD-00184,BYT-MON-6435-GRA,ByteCore Vision Spark 27,Monitors,Office Monitor,ByteCore,"ByteCore Vision Spark 27 is a office monitor from ByteCore featuring size: 22-inch, resolution: QHD, refresh rate: 144 Hz. Backed by NovaMart-certified service.",53499,60999,12.3,51,36,true,true,4.0,2,4.18,Graphite,active
PROD-00185,BYT-MON-5722-WHI,ByteCore Vision Ultra 27,Monitors,Gaming Monitor,ByteCore,"ByteCore Vision Ultra 27 is a gaming monitor from ByteCore featuring size: 27-inch, resolution: FHD, refresh rate: 60 Hz. Engineered for long-term use.",6799,7599,10.5,83,36,true,true,3.4,5,8.05,White,active
PROD-00186,ZEN-MON-5124-WHI,Zenova Frame Ultra 32,Monitors,4K Monitor,Zenova,"Zenova Frame Ultra 32 is a 4k monitor from Zenova featuring size: 27-inch, resolution: QHD, refresh rate: 100 Hz. A balanced pick for its class.",30999,34999,11.4,42,24,true,true,3.0,2,5.46,White,active
PROD-00187,ORB-MON-4051-BLA,Orbitron Display Neo 32,Monitors,Portable Monitor,Orbitron,"Orbitron Display Neo 32 is a portable monitor from Orbitron featuring size: 27-inch, resolution: FHD, refresh rate: 60 Hz. Backed by NovaMart-certified service.",7099,8399,15.5,68,36,true,true,5.0,2,5.81,Black,active
PROD-00188,ZEN-MON-2080-MID,Zenova Frame Spark 24,Monitors,Ultrawide,Zenova,"Zenova Frame Spark 24 is a ultrawide from Zenova featuring size: 34-inch, resolution: 4K UHD, refresh rate: 240 Hz. Engineered for long-term use.",74999,93499,19.8,8,36,true,true,4.3,3,8.88,Midnight Blue,active
PROD-00189,BYT-MON-7317-SIL,ByteCore Vision Pro 24,Monitors,Office Monitor,ByteCore,"ByteCore Vision Pro 24 is a office monitor from ByteCore featuring size: 34-inch, resolution: 4K UHD, refresh rate: 240 Hz. Backed by NovaMart-certified service.",86999,105999,17.9,31,36,true,false,3.5,2,5.44,Silver,active
PROD-00190,ZEN-MON-2900-BLA,Zenova Frame One 32,Monitors,Office Monitor,Zenova,"Zenova Frame One 32 is a office monitor from Zenova featuring size: 22-inch, resolution: FHD, refresh rate: 60 Hz. Backed by NovaMart-certified service.",11499,15499,25.8,9,36,true,true,,0,5.56,Black,active
PROD-00191,ORB-MON-4557-CHA,Orbitron Display Go 22,Monitors,Ultrawide,Orbitron,"Orbitron Display Go 22 is a ultrawide from Orbitron featuring size: 24-inch, resolution: QHD, refresh rate: 144 Hz. Backed by NovaMart-certified service.",39999,45499,12.1,22,36,true,true,4.0,1,8.54,Charcoal,active
PROD-00192,PIX-MON-9579-OCE,PixelForge View Spark 27,Monitors,Office Monitor,PixelForge,"PixelForge View Spark 27 is a office monitor from PixelForge featuring size: 34-inch, resolution: QHD, refresh rate: 144 Hz. A balanced pick for its class.",43499,45999,5.4,0,36,true,true,,0,7.03,Ocean Blue,out_of_stock
PROD-00193,BYT-MON-6134-FOR,ByteCore Vision Prime 34,Monitors,4K Monitor,ByteCore,"ByteCore Vision Prime 34 is a 4k monitor from ByteCore featuring size: 34-inch, resolution: QHD, refresh rate: 100 Hz. A balanced pick for its class.",38999,45999,15.2,12,36,true,true,4.5,2,7.15,Forest Green,active
PROD-00194,ZEN-MON-3771-WHI,Zenova Frame Core 24,Monitors,Portable Monitor,Zenova,"Zenova Frame Core 24 is a portable monitor from Zenova featuring size: 27-inch, resolution: FHD, refresh rate: 75 Hz. Popular with students and professionals alike.",15999,19999,20.0,78,36,true,true,3.0,1,8.6,White,active
PROD-00195,QUA-NET-2196-SAN,Quantix Net Lite 8P WiFi Router,Networking,WiFi Router,Quantix,"Quantix Net Lite 8P WiFi Router is a wifi router from Quantix featuring standard: WiFi 5 (AC1200), ports: 16x Gigabit LAN, coverage: Up to 1200 sq ft. A balanced pick for its class.",1099,1399,21.4,66,36,true,true,3.3,3,0.98,Sand Beige,active
PROD-00196,HEL-NET-4053-SAN,Helix Link Prime N300 WiFi Router,Networking,WiFi Router,Helix,"Helix Link Prime N300 WiFi Router is a wifi router from Helix featuring standard: WiFi 6 (AX3000), ports: 16x Gigabit LAN, coverage: Up to 1200 sq ft. A balanced pick for its class.",18999,20499,7.3,6,36,true,true,4.3,3,0.49,Sand Beige,active
PROD-00197,TER-NET-5248-SPA,TerraByte Net Ultra 8P USB WiFi Adapter,Networking,USB WiFi Adapter,TerraByte,"TerraByte Net Ultra 8P USB WiFi Adapter is a usb wifi adapter from TerraByte featuring standard: WiFi 5 (AC1200), ports: 16x Gigabit LAN, coverage: Up to 1200 sq ft. Engineered for long-term use.",6699,8399,20.2,42,36,true,false,3.0,8,1.26,Space Grey,active
PROD-00198,TER-NET-1335-MID,TerraByte Net Plus AC1200 Range Extender,Networking,Range Extender,TerraByte,"TerraByte Net Plus AC1200 Range Extender is a range extender from TerraByte featuring standard: WiFi 5 (AC1200), ports: 4x Gigabit LAN, 1x WAN, coverage: Up to 2000 sq ft. Popular with students and professionals alike.",719,839,14.3,32,36,true,true,3.0,3,0.31,Midnight Blue,active
PROD-00199,NET-NET-5701-GRA,NetWeave Prime AX1800 Network Switch,Networking,Network Switch,NetWeave,"NetWeave Prime AX1800 Network Switch is a network switch from NetWeave featuring standard: WiFi 5 (AC1200), ports: 8x Gigabit LAN, coverage: Up to 2000 sq ft. A balanced pick for its class.",1099,1799,38.9,16,36,true,false,4.0,3,0.81,Graphite,active
PROD-00200,NET-NET-1131-ROS,NetWeave Flex 8P USB WiFi Adapter,Networking,USB WiFi Adapter,NetWeave,"NetWeave Flex 8P USB WiFi Adapter is a usb wifi adapter from NetWeave featuring standard: WiFi 6E, ports: 4x Gigabit LAN, 1x WAN, coverage: Up to 2000 sq ft. Backed by NovaMart-certified service.",26499,27999,5.4,39,36,true,true,,0,1.22,Rose Gold,active
